"","x_wts","x_batch","x_pack","x_pdef"
"1",12.2329495594375,"Batch1","12","0.005"
"2",18.0630061042738,"Batch1","12","0.005"
"3",37.8135443979593,"Batch1","12","0.005"
"4",-5.57235273834839,"Batch1","12","0.005"
"5",26.5885225789055,"Batch1","12","0.005"
"6",5.86337054742294,"Batch1","12","0.005"
"7",8.48147484545215,"Batch1","12","0.005"
"8",42.4687257973367,"Batch1","12","0.005"
"9",60.2595699611824,"Batch1","12","0.005"
"10",22.6925418853987,"Batch1","12","0.005"
"11",-17.4575598984467,"Batch2","12","0.005"
"12",-24.5147392740564,"Batch2","12","0.005"
"13",35.3700426532427,"Batch2","12","0.005"
"14",11.4885883607689,"Batch2","12","0.005"
"15",14.8712233972241,"Batch2","12","0.005"
"16",6.28099143807603,"Batch2","12","0.005"
"17",51.9272010295908,"Batch2","12","0.005"
"18",15.6888798002636,"Batch2","12","0.005"
"19",17.2561454587895,"Batch2","12","0.005"
"20",25.4030322563631,"Batch2","12","0.005"
"21",41.61484516099,"Batch3","12","0.005"
"22",22.0091792868833,"Batch3","12","0.005"
"23",20.4310283597389,"Batch3","12","0.005"
"24",11.7505904510477,"Batch3","12","0.005"
"25",14.7644156191396,"Batch3","12","0.005"
"26",8.63183743453942,"Batch3","12","0.005"
"27",21.3449033501474,"Batch3","12","0.005"
"28",44.1320941519946,"Batch3","12","0.005"
"29",49.2421915105675,"Batch3","12","0.005"
"30",52.2361271153908,"Batch3","12","0.005"
"31",11.7321008462591,"Batch4","12","0.005"
"32",5.0235119959734,"Batch4","12","0.005"
"33",5.4266527509424,"Batch4","12","0.005"
"34",5.32080264982581,"Batch4","12","0.005"
"35",12.742860006879,"Batch4","12","0.005"
"36",23.4152441183961,"Batch4","12","0.005"
"37",29.896177755814,"Batch4","12","0.005"
"38",15.0831156314885,"Batch4","12","0.005"
"39",-7.33632866092673,"Batch4","12","0.005"
"40",-8.83274329409377,"Batch4","12","0.005"
"41",-31.3121210429404,"Batch5","12","0.005"
"42",-9.97209571481442,"Batch5","12","0.005"
"43",33.1137564478659,"Batch5","12","0.005"
"44",48.7066353901756,"Batch5","12","0.005"
"45",-9.016478875396,"Batch5","12","0.005"
"46",40.0227483307013,"Batch5","12","0.005"
"47",-3.93962658124133,"Batch5","12","0.005"
"48",25.7786844869654,"Batch5","12","0.005"
"49",34.8912989352747,"Batch5","12","0.005"
"50",-3.63375864952131,"Batch5","12","0.005"
"51",0.535922264948752,"Batch6","12","0.005"
"52",15.8789621770096,"Batch6","12","0.005"
"53",11.2623070677668,"Batch6","12","0.005"
"54",-1.96442593432367,"Batch6","12","0.005"
"55",-8.97062503055578,"Batch6","12","0.005"
"56",4.447674577477,"Batch6","12","0.005"
"57",1.65525726767796,"Batch6","12","0.005"
"58",25.4289201806816,"Batch6","12","0.005"
"59",13.0251122777196,"Batch6","12","0.005"
"60",29.9761085407348,"Batch6","12","0.005"
"61",48.7117252316044,"Batch7","12","0.005"
"62",-40.5448257064482,"Batch7","12","0.005"
"63",-2.9434922409181,"Batch7","12","0.005"
"64",10.0981011974849,"Batch7","12","0.005"
"65",17.7641370707396,"Batch7","12","0.005"
"66",5.34195830948556,"Batch7","12","0.005"
"67",5.77776580608638,"Batch7","12","0.005"
"68",11.9711484218488,"Batch7","12","0.005"
"69",32.2957239006769,"Batch7","12","0.005"
"70",29.7893119064997,"Batch7","12","0.005"
"71",26.6669661366202,"Batch8","12","0.005"
"72",-6.42617268440823,"Batch8","12","0.005"
"73",-17.8424296707849,"Batch8","12","0.005"
"74",7.61091917421335,"Batch8","12","0.005"
"75",31.7232251703502,"Batch8","12","0.005"
"76",-7.30543964019796,"Batch8","12","0.005"
"77",24.8679062848378,"Batch8","12","0.005"
"78",9.79962481773777,"Batch8","12","0.005"
"79",12.4004054488556,"Batch8","12","0.005"
"80",42.8574805409837,"Batch8","12","0.005"
"81",37.6172378123761,"Batch9","12","0.005"
"82",4.6471117137193,"Batch9","12","0.005"
"83",35.0314467091209,"Batch9","12","0.005"
"84",27.3268574081876,"Batch9","12","0.005"
"85",27.8833566006693,"Batch9","12","0.005"
"86",13.5827920427967,"Batch9","12","0.005"
"87",-5.49246067007842,"Batch9","12","0.005"
"88",-5.70889485428732,"Batch9","12","0.005"
"89",23.3365815108113,"Batch9","12","0.005"
"90",-5.95563235448247,"Batch9","12","0.005"
"91",17.3494591164812,"Batch10","12","0.005"
"92",15.6921406326078,"Batch10","12","0.005"
"93",4.14145837037522,"Batch10","12","0.005"
"94",19.0128241379299,"Batch10","12","0.005"
"95",24.2559862104375,"Batch10","12","0.005"
"96",46.7785653928157,"Batch10","12","0.005"
"97",2.60643873866545,"Batch10","12","0.005"
"98",32.1694045115894,"Batch10","12","0.005"
"99",-22.3733308445411,"Batch10","12","0.005"
"100",15.1074414247892,"Batch10","12","0.005"
"101",65.3474696661897,"Batch1","12","0.005"
"102",42.035520057922,"Batch1","12","0.005"
"103",3.04073138582739,"Batch1","12","0.005"
"104",8.84582150418148,"Batch1","12","0.005"
"105",27.6628307849226,"Batch1","12","0.005"
"106",28.2517805048855,"Batch1","12","0.005"
"107",56.0845310841033,"Batch1","12","0.005"
"108",32.151410253689,"Batch1","12","0.005"
"109",57.6244331908014,"Batch1","12","0.005"
"110",16.0114398955748,"Batch1","12","0.005"
"111",12.3937770433233,"Batch2","12","0.005"
"112",21.1331559205703,"Batch2","12","0.005"
"113",9.323868827537,"Batch2","12","0.005"
"114",-22.9544126448528,"Batch2","12","0.005"
"115",46.1267085729412,"Batch2","12","0.005"
"116",3.01395775967555,"Batch2","12","0.005"
"117",21.9793627527462,"Batch2","12","0.005"
"118",53.7821269556291,"Batch2","12","0.005"
"119",12.2992033754539,"Batch2","12","0.005"
"120",50.4561392514914,"Batch2","12","0.005"
"121",0.604539812957199,"Batch3","12","0.005"
"122",-17.105541645529,"Batch3","12","0.005"
"123",4.68385495103359,"Batch3","12","0.005"
"124",19.4578249157395,"Batch3","12","0.005"
"125",3.18848133024936,"Batch3","12","0.005"
"126",22.2702727836053,"Batch3","12","0.005"
"127",-17.8608870281327,"Batch3","12","0.005"
"128",-9.99114870983943,"Batch3","12","0.005"
"129",-6.53303571674708,"Batch3","12","0.005"
"130",12.9773531276688,"Batch3","12","0.005"
"131",-8.81985181021269,"Batch4","12","0.005"
"132",29.6534138592082,"Batch4","12","0.005"
"133",13.9509943633101,"Batch4","12","0.005"
"134",46.9687091746449,"Batch4","12","0.005"
"135",32.7738326789461,"Batch4","12","0.005"
"136",4.44038850396572,"Batch4","12","0.005"
"137",-1.69856297333569,"Batch4","12","0.005"
"138",16.3935859317777,"Batch4","12","0.005"
"139",33.4691382497705,"Batch4","12","0.005"
"140",7.21975853409729,"Batch4","12","0.005"
"141",11.5262728788576,"Batch5","12","0.005"
"142",35.3970038110547,"Batch5","12","0.005"
"143",22.8675199053191,"Batch5","12","0.005"
"144",46.39119247839,"Batch5","12","0.005"
"145",29.1802283756152,"Batch5","12","0.005"
"146",45.8046888728069,"Batch5","12","0.005"
"147",29.8126168108937,"Batch5","12","0.005"
"148",8.48226883095318,"Batch5","12","0.005"
"149",-3.56092463058923,"Batch5","12","0.005"
"150",27.2538249660463,"Batch5","12","0.005"
"151",2.8961595424497,"Batch6","12","0.005"
"152",-9.19857267902438,"Batch6","12","0.005"
"153",21.8986142616537,"Batch6","12","0.005"
"154",19.3190413055313,"Batch6","12","0.005"
"155",0.240448906337551,"Batch6","12","0.005"
"156",37.0831962110134,"Batch6","12","0.005"
"157",10.3094232252155,"Batch6","12","0.005"
"158",-18.0410570657947,"Batch6","12","0.005"
"159",22.1968808182315,"Batch6","12","0.005"
"160",14.3089861109519,"Batch6","12","0.005"
"161",5.35526760192179,"Batch7","12","0.005"
"162",12.1611055048692,"Batch7","12","0.005"
"163",51.0019178580799,"Batch7","12","0.005"
"164",44.5062989807445,"Batch7","12","0.005"
"165",23.5503867360545,"Batch7","12","0.005"
"166",-7.01862638810635,"Batch7","12","0.005"
"167",25.3128498794603,"Batch7","12","0.005"
"168",28.1970331999114,"Batch7","12","0.005"
"169",37.4574006663567,"Batch7","12","0.005"
"170",10.3948910625514,"Batch7","12","0.005"
"171",24.3901793514387,"Batch8","12","0.005"
"172",20.4426410549618,"Batch8","12","0.005"
"173",-8.71790773270942,"Batch8","12","0.005"
"174",19.4463930242292,"Batch8","12","0.005"
"175",20.5218203828865,"Batch8","12","0.005"
"176",8.08732298025838,"Batch8","12","0.005"
"177",16.3623074469717,"Batch8","12","0.005"
"178",-6.27733314966792,"Batch8","12","0.005"
"179",4.63715167012155,"Batch8","12","0.005"
"180",30.7656738575476,"Batch8","12","0.005"
"181",12.2828952391504,"Batch9","12","0.005"
"182",6.30538969421214,"Batch9","12","0.005"
"183",17.5840130992265,"Batch9","12","0.005"
"184",12.0994179880328,"Batch9","12","0.005"
"185",14.2296002202764,"Batch9","12","0.005"
"186",60.4647948811927,"Batch9","12","0.005"
"187",-5.59311675442138,"Batch9","12","0.005"
"188",23.8248621208842,"Batch9","12","0.005"
"189",18.1608497810944,"Batch9","12","0.005"
"190",-8.3186007548438,"Batch9","12","0.005"
"191",13.7926892670695,"Batch10","12","0.005"
"192",11.9973925228861,"Batch10","12","0.005"
"193",8.80471887223601,"Batch10","12","0.005"
"194",21.0773687014752,"Batch10","12","0.005"
"195",9.01298185897033,"Batch10","12","0.005"
"196",6.17982558536804,"Batch10","12","0.005"
"197",-19.3702663275695,"Batch10","12","0.005"
"198",41.3007100241666,"Batch10","12","0.005"
"199",0.157642517040784,"Batch10","12","0.005"
"200",29.1256514246785,"Batch10","12","0.005"
"201",13.6784516643263,"Batch1","12","0.005"
"202",72.9860392045146,"Batch1","12","0.005"
"203",-3.65823769744216,"Batch1","12","0.005"
"204",11.0630282545051,"Batch1","12","0.005"
"205",12.9169537838152,"Batch1","12","0.005"
"206",30.0230827617529,"Batch1","12","0.005"
"207",29.418983952503,"Batch1","12","0.005"
"208",-6.18999461117975,"Batch1","12","0.005"
"209",4.86436583091143,"Batch1","12","0.005"
"210",19.9363837612781,"Batch1","12","0.005"
"211",35.4834151353928,"Batch2","12","0.005"
"212",42.059525587171,"Batch2","12","0.005"
"213",25.9768752134516,"Batch2","12","0.005"
"214",-3.74770727276412,"Batch2","12","0.005"
"215",30.1554869644884,"Batch2","12","0.005"
"216",35.9139920011678,"Batch2","12","0.005"
"217",12.5448221949689,"Batch2","12","0.005"
"218",12.8675688891206,"Batch2","12","0.005"
"219",-6.98122102640741,"Batch2","12","0.005"
"220",35.0807553184623,"Batch2","12","0.005"
"221",30.1422213210302,"Batch3","12","0.005"
"222",-28.6528206208982,"Batch3","12","0.005"
"223",40.9834614601812,"Batch3","12","0.005"
"224",41.6250858434261,"Batch3","12","0.005"
"225",32.0597853222875,"Batch3","12","0.005"
"226",16.7616136848793,"Batch3","12","0.005"
"227",0.150232828638277,"Batch3","12","0.005"
"228",30.8066519572594,"Batch3","12","0.005"
"229",-3.68935193568735,"Batch3","12","0.005"
"230",31.3752132971288,"Batch3","12","0.005"
"231",-1.21542168305031,"Batch4","12","0.005"
"232",-18.386248624413,"Batch4","12","0.005"
"233",67.2919606654864,"Batch4","12","0.005"
"234",4.30339212646352,"Batch4","12","0.005"
"235",36.8003445919525,"Batch4","12","0.005"
"236",19.4081490322308,"Batch4","12","0.005"
"237",38.9851013136554,"Batch4","12","0.005"
"238",-32.5535789089828,"Batch4","12","0.005"
"239",6.56862296233717,"Batch4","12","0.005"
"240",50.6707573163083,"Batch4","12","0.005"
"241",11.2487252940435,"Batch5","12","0.005"
"242",43.4286434363763,"Batch5","12","0.005"
"243",4.04407715052577,"Batch5","12","0.005"
"244",3.85846105604708,"Batch5","12","0.005"
"245",22.7668419811289,"Batch5","12","0.005"
"246",27.5069352878799,"Batch5","12","0.005"
"247",-9.2155731006646,"Batch5","12","0.005"
"248",50.5601932175102,"Batch5","12","0.005"
"249",5.46130478603753,"Batch5","12","0.005"
"250",29.5026347287455,"Batch5","12","0.005"
"251",9.6432126530993,"Batch6","12","0.005"
"252",19.556397398016,"Batch6","12","0.005"
"253",29.1714627757904,"Batch6","12","0.005"
"254",10.8430749608833,"Batch6","12","0.005"
"255",29.8186099834194,"Batch6","12","0.005"
"256",14.6398062653444,"Batch6","12","0.005"
"257",23.2601036824496,"Batch6","12","0.005"
"258",8.32922788868891,"Batch6","12","0.005"
"259",-3.78282229860428,"Batch6","12","0.005"
"260",-31.1303285618977,"Batch6","12","0.005"
"261",40.7565210102627,"Batch7","12","0.005"
"262",-20.9942557897321,"Batch7","12","0.005"
"263",8.72071813980276,"Batch7","12","0.005"
"264",13.8977259455612,"Batch7","12","0.005"
"265",8.57905558696819,"Batch7","12","0.005"
"266",9.68682140870548,"Batch7","12","0.005"
"267",25.0236897841006,"Batch7","12","0.005"
"268",8.44013439319694,"Batch7","12","0.005"
"269",13.5036522887023,"Batch7","12","0.005"
"270",41.7683371243349,"Batch7","12","0.005"
"271",20.2210255395148,"Batch8","12","0.005"
"272",2.69376165278461,"Batch8","12","0.005"
"273",31.6627389430187,"Batch8","12","0.005"
"274",6.91926565617918,"Batch8","12","0.005"
"275",29.2637047516645,"Batch8","12","0.005"
"276",-8.63465811777507,"Batch8","12","0.005"
"277",53.5834904171819,"Batch8","12","0.005"
"278",14.3770594746493,"Batch8","12","0.005"
"279",-22.428850377815,"Batch8","12","0.005"
"280",53.0484358234064,"Batch8","12","0.005"
"281",18.1493195347252,"Batch9","12","0.005"
"282",19.5501168312079,"Batch9","12","0.005"
"283",4.90284059897893,"Batch9","12","0.005"
"284",27.5291849329959,"Batch9","12","0.005"
"285",75.4745823216999,"Batch9","12","0.005"
"286",11.9587214655875,"Batch9","12","0.005"
"287",30.5039775441151,"Batch9","12","0.005"
"288",8.13482505389419,"Batch9","12","0.005"
"289",34.0791219731964,"Batch9","12","0.005"
"290",13.0307323392811,"Batch9","12","0.005"
"291",57.5611017258378,"Batch10","12","0.005"
"292",48.1224349187659,"Batch10","12","0.005"
"293",20.7890555460916,"Batch10","12","0.005"
"294",14.6837708151916,"Batch10","12","0.005"
"295",40.7950160879332,"Batch10","12","0.005"
"296",-7.5903947187616,"Batch10","12","0.005"
"297",7.8977817274221,"Batch10","12","0.005"
"298",33.4303764060863,"Batch10","12","0.005"
"299",47.0437327537105,"Batch10","12","0.005"
"300",25.759942870744,"Batch10","12","0.005"
"301",1.70401813092514,"Batch1","12","0.005"
"302",39.3281245369868,"Batch1","12","0.005"
"303",-22.9488482086213,"Batch1","12","0.005"
"304",13.8010942730508,"Batch1","12","0.005"
"305",-19.8687993255568,"Batch1","12","0.005"
"306",42.0933644233383,"Batch1","12","0.005"
"307",8.19892561095948,"Batch1","12","0.005"
"308",-2.13070195646863,"Batch1","12","0.005"
"309",30.4365605497087,"Batch1","12","0.005"
"310",30.8784974394411,"Batch1","12","0.005"
"311",18.4771549686114,"Batch2","12","0.005"
"312",12.1448506917218,"Batch2","12","0.005"
"313",21.9646596537717,"Batch2","12","0.005"
"314",4.01260405473876,"Batch2","12","0.005"
"315",33.717786136056,"Batch2","12","0.005"
"316",-16.952667895573,"Batch2","12","0.005"
"317",27.7766595729486,"Batch2","12","0.005"
"318",27.7260708755978,"Batch2","12","0.005"
"319",20.0217610360926,"Batch2","12","0.005"
"320",-30.4361396090713,"Batch2","12","0.005"
"321",16.5033419572259,"Batch3","12","0.005"
"322",-11.4236251378472,"Batch3","12","0.005"
"323",53.2912581406975,"Batch3","12","0.005"
"324",-7.84560619597825,"Batch3","12","0.005"
"325",19.9643002748585,"Batch3","12","0.005"
"326",-1.66675198895085,"Batch3","12","0.005"
"327",39.9237691059183,"Batch3","12","0.005"
"328",71.0673994207122,"Batch3","12","0.005"
"329",27.5252423848956,"Batch3","12","0.005"
"330",25.3397716501287,"Batch3","12","0.005"
"331",34.0647641204964,"Batch4","12","0.005"
"332",-48.0549945339409,"Batch4","12","0.005"
"333",16.9962094478897,"Batch4","12","0.005"
"334",14.027104981142,"Batch4","12","0.005"
"335",-26.6961314402669,"Batch4","12","0.005"
"336",29.5298390557716,"Batch4","12","0.005"
"337",18.1737191362599,"Batch4","12","0.005"
"338",35.7870746998459,"Batch4","12","0.005"
"339",45.6490913247254,"Batch4","12","0.005"
"340",12.5424046387102,"Batch4","12","0.005"
"341",1.72478634328378,"Batch5","12","0.005"
"342",8.06246918211187,"Batch5","12","0.005"
"343",11.6565076938668,"Batch5","12","0.005"
"344",31.1535877709533,"Batch5","12","0.005"
"345",22.4971341853548,"Batch5","12","0.005"
"346",27.160487272086,"Batch5","12","0.005"
"347",21.7035280240884,"Batch5","12","0.005"
"348",10.8834965701386,"Batch5","12","0.005"
"349",13.8265519222503,"Batch5","12","0.005"
"350",40.3805261575831,"Batch5","12","0.005"
"351",30.8978164218167,"Batch6","12","0.005"
"352",7.04864260414869,"Batch6","12","0.005"
"353",23.1743782092715,"Batch6","12","0.005"
"354",53.375922708132,"Batch6","12","0.005"
"355",35.3570431136458,"Batch6","12","0.005"
"356",41.4192282522804,"Batch6","12","0.005"
"357",46.9588893441092,"Batch6","12","0.005"
"358",6.96535462315954,"Batch6","12","0.005"
"359",27.0383972593923,"Batch6","12","0.005"
"360",0.378645874657941,"Batch6","12","0.005"
"361",22.7035652696096,"Batch7","12","0.005"
"362",23.6493989756704,"Batch7","12","0.005"
"363",32.1332955714696,"Batch7","12","0.005"
"364",38.710028214234,"Batch7","12","0.005"
"365",44.9012609884662,"Batch7","12","0.005"
"366",-7.25639749147469,"Batch7","12","0.005"
"367",20.9306782559155,"Batch7","12","0.005"
"368",40.3755856303907,"Batch7","12","0.005"
"369",51.7166488000399,"Batch7","12","0.005"
"370",29.6446405592945,"Batch7","12","0.005"
"371",-48.4498322957689,"Batch8","12","0.005"
"372",37.4828892086148,"Batch8","12","0.005"
"373",-18.8055391821832,"Batch8","12","0.005"
"374",30.7558344782401,"Batch8","12","0.005"
"375",2.70760578019589,"Batch8","12","0.005"
"376",15.8418276211283,"Batch8","12","0.005"
"377",26.9232307142687,"Batch8","12","0.005"
"378",47.8359821248898,"Batch8","12","0.005"
"379",-3.31755100360008,"Batch8","12","0.005"
"380",28.894372186297,"Batch8","12","0.005"
"381",22.2307168615407,"Batch9","12","0.005"
"382",13.7842766673394,"Batch9","12","0.005"
"383",29.2146581488719,"Batch9","12","0.005"
"384",40.8583753977656,"Batch9","12","0.005"
"385",18.4648577274422,"Batch9","12","0.005"
"386",-7.95560861388829,"Batch9","12","0.005"
"387",25.286029976385,"Batch9","12","0.005"
"388",15.2289700358048,"Batch9","12","0.005"
"389",-15.8756225682661,"Batch9","12","0.005"
"390",61.7083594144304,"Batch9","12","0.005"
"391",-6.76856098005228,"Batch10","12","0.005"
"392",-11.5104758968103,"Batch10","12","0.005"
"393",46.6814300752042,"Batch10","12","0.005"
"394",8.30199936186226,"Batch10","12","0.005"
"395",16.2486303317391,"Batch10","12","0.005"
"396",-9.51932244668668,"Batch10","12","0.005"
"397",4.18284655922056,"Batch10","12","0.005"
"398",14.0403122748227,"Batch10","12","0.005"
"399",6.37361232426998,"Batch10","12","0.005"
"400",-2.84249323991644,"Batch10","12","0.005"
"401",14.3334390168527,"Batch1","12","0.005"
"402",3.181788978569,"Batch1","12","0.005"
"403",31.7963726953019,"Batch1","12","0.005"
"404",-9.5669279917739,"Batch1","12","0.005"
"405",9.34171206563189,"Batch1","12","0.005"
"406",6.70473783052406,"Batch1","12","0.005"
"407",57.1965640117726,"Batch1","12","0.005"
"408",-0.197956479080293,"Batch1","12","0.005"
"409",18.758141001665,"Batch1","12","0.005"
"410",12.0823270132875,"Batch1","12","0.005"
"411",51.1235111726708,"Batch2","12","0.005"
"412",68.7899666692299,"Batch2","12","0.005"
"413",9.51477783688108,"Batch2","12","0.005"
"414",8.09941924266846,"Batch2","12","0.005"
"415",3.00420090860812,"Batch2","12","0.005"
"416",6.22933352866913,"Batch2","12","0.005"
"417",-16.176875053043,"Batch2","12","0.005"
"418",5.08907937039442,"Batch2","12","0.005"
"419",-10.813462087954,"Batch2","12","0.005"
"420",-13.4503928480751,"Batch2","12","0.005"
"421",21.1426992901336,"Batch3","12","0.005"
"422",8.18141925449051,"Batch3","12","0.005"
"423",31.5937440089884,"Batch3","12","0.005"
"424",35.1047369950887,"Batch3","12","0.005"
"425",19.7663492822498,"Batch3","12","0.005"
"426",-0.864239918505771,"Batch3","12","0.005"
"427",-14.5601786480099,"Batch3","12","0.005"
"428",-6.13858948005425,"Batch3","12","0.005"
"429",43.598656037347,"Batch3","12","0.005"
"430",46.5024533334864,"Batch3","12","0.005"
"431",25.2740542938397,"Batch4","12","0.005"
"432",26.0151945286728,"Batch4","12","0.005"
"433",12.4005330318288,"Batch4","12","0.005"
"434",-6.65526073873107,"Batch4","12","0.005"
"435",41.7766434723849,"Batch4","12","0.005"
"436",9.48603670181194,"Batch4","12","0.005"
"437",-0.563485090536201,"Batch4","12","0.005"
"438",39.9695532392094,"Batch4","12","0.005"
"439",41.586163623611,"Batch4","12","0.005"
"440",35.8048125352197,"Batch4","12","0.005"
"441",18.7924856932256,"Batch5","12","0.005"
"442",49.1430869886525,"Batch5","12","0.005"
"443",34.5201342397668,"Batch5","12","0.005"
"444",21.7198746137771,"Batch5","12","0.005"
"445",37.1529063062327,"Batch5","12","0.005"
"446",24.9335385877804,"Batch5","12","0.005"
"447",20.3870446216786,"Batch5","12","0.005"
"448",-6.67154624303912,"Batch5","12","0.005"
"449",-23.0749287974179,"Batch5","12","0.005"
"450",4.10013285868438,"Batch5","12","0.005"
"451",56.1796009065017,"Batch6","12","0.005"
"452",8.90627359518514,"Batch6","12","0.005"
"453",-27.6095403304656,"Batch6","12","0.005"
"454",-0.695197984061814,"Batch6","12","0.005"
"455",36.9992621904994,"Batch6","12","0.005"
"456",20.9108277243644,"Batch6","12","0.005"
"457",48.7513231259764,"Batch6","12","0.005"
"458",17.6936642006276,"Batch6","12","0.005"
"459",27.5101285579501,"Batch6","12","0.005"
"460",17.5665741002058,"Batch6","12","0.005"
"461",2.53824622046973,"Batch7","12","0.005"
"462",0.837620751120163,"Batch7","12","0.005"
"463",16.6326361969402,"Batch7","12","0.005"
"464",23.2570325284322,"Batch7","12","0.005"
"465",1.82078196551013,"Batch7","12","0.005"
"466",-19.1600166932429,"Batch7","12","0.005"
"467",28.2151157622674,"Batch7","12","0.005"
"468",-12.8287616267398,"Batch7","12","0.005"
"469",63.1966724087107,"Batch7","12","0.005"
"470",0.210725227741605,"Batch7","12","0.005"
"471",46.6822419637375,"Batch8","12","0.005"
"472",7.46597315228925,"Batch8","12","0.005"
"473",30.2841105813911,"Batch8","12","0.005"
"474",38.887332942672,"Batch8","12","0.005"
"475",13.1925233858557,"Batch8","12","0.005"
"476",6.89932912768266,"Batch8","12","0.005"
"477",27.1067682392411,"Batch8","12","0.005"
"478",37.661655663012,"Batch8","12","0.005"
"479",-15.5924806908737,"Batch8","12","0.005"
"480",28.0805089411288,"Batch8","12","0.005"
"481",8.84215598244714,"Batch9","12","0.005"
"482",16.491400055942,"Batch9","12","0.005"
"483",34.8523136303723,"Batch9","12","0.005"
"484",-7.12367499060564,"Batch9","12","0.005"
"485",18.2538772990442,"Batch9","12","0.005"
"486",36.3102765595445,"Batch9","12","0.005"
"487",22.0178111588735,"Batch9","12","0.005"
"488",46.266657831387,"Batch9","12","0.005"
"489",23.9317959424335,"Batch9","12","0.005"
"490",15.7753647027055,"Batch9","12","0.005"
"491",1.04930120443121,"Batch10","12","0.005"
"492",11.1935837870719,"Batch10","12","0.005"
"493",-23.8306509611398,"Batch10","12","0.005"
"494",-32.4419017888307,"Batch10","12","0.005"
"495",36.3321729873418,"Batch10","12","0.005"
"496",14.1006614727186,"Batch10","12","0.005"
"497",24.0614740616449,"Batch10","12","0.005"
"498",38.7553581111109,"Batch10","12","0.005"
"499",-2.29580761696669,"Batch10","12","0.005"
"500",-22.6757466102315,"Batch10","12","0.005"
"501",-0.467348409510347,"Batch1","12","0.005"
"502",0.150844084793551,"Batch1","12","0.005"
"503",28.7069825628588,"Batch1","12","0.005"
"504",7.44795450856923,"Batch1","12","0.005"
"505",43.7588206730925,"Batch1","12","0.005"
"506",52.1016488368603,"Batch1","12","0.005"
"507",-0.535964147949592,"Batch1","12","0.005"
"508",15.102818342395,"Batch1","12","0.005"
"509",5.68434409845856,"Batch1","12","0.005"
"510",-1.78482598239733,"Batch1","12","0.005"
"511",38.2527652491183,"Batch2","12","0.005"
"512",44.3788706346414,"Batch2","12","0.005"
"513",11.0284837195461,"Batch2","12","0.005"
"514",54.7102813675784,"Batch2","12","0.005"
"515",10.671086094421,"Batch2","12","0.005"
"516",52.9217231852887,"Batch2","12","0.005"
"517",23.7842216436319,"Batch2","12","0.005"
"518",62.5890659376167,"Batch2","12","0.005"
"519",23.6520320605457,"Batch2","12","0.005"
"520",33.6062920406675,"Batch2","12","0.005"
"521",50.7646765700918,"Batch3","12","0.005"
"522",7.68805328482561,"Batch3","12","0.005"
"523",6.96690479082815,"Batch3","12","0.005"
"524",35.5208467711292,"Batch3","12","0.005"
"525",2.60644545043188,"Batch3","12","0.005"
"526",-8.48045983248171,"Batch3","12","0.005"
"527",23.3366556804899,"Batch3","12","0.005"
"528",13.1798978455591,"Batch3","12","0.005"
"529",-15.0922556750751,"Batch3","12","0.005"
"530",11.6240407290468,"Batch3","12","0.005"
"531",-3.38993108821955,"Batch4","12","0.005"
"532",4.74814087069405,"Batch4","12","0.005"
"533",16.0807105032027,"Batch4","12","0.005"
"534",8.82292946761193,"Batch4","12","0.005"
"535",39.9766623257177,"Batch4","12","0.005"
"536",-6.14630123874069,"Batch4","12","0.005"
"537",8.84628445341505,"Batch4","12","0.005"
"538",57.1349124016479,"Batch4","12","0.005"
"539",37.6903035122791,"Batch4","12","0.005"
"540",22.5207368900646,"Batch4","12","0.005"
"541",8.26696842733254,"Batch5","12","0.005"
"542",23.3048394746478,"Batch5","12","0.005"
"543",32.4947159155176,"Batch5","12","0.005"
"544",19.0448848190253,"Batch5","12","0.005"
"545",5.05173361427623,"Batch5","12","0.005"
"546",19.3017091848292,"Batch5","12","0.005"
"547",-6.31273087290659,"Batch5","12","0.005"
"548",10.1813234280252,"Batch5","12","0.005"
"549",9.76555518469745,"Batch5","12","0.005"
"550",36.9214995637593,"Batch5","12","0.005"
"551",21.5325447937417,"Batch6","12","0.005"
"552",-5.8920471522014,"Batch6","12","0.005"
"553",-1.38351731120147,"Batch6","12","0.005"
"554",26.5225315543792,"Batch6","12","0.005"
"555",26.2112680576616,"Batch6","12","0.005"
"556",66.5490579100631,"Batch6","12","0.005"
"557",43.0143957728511,"Batch6","12","0.005"
"558",41.6624443805124,"Batch6","12","0.005"
"559",37.1171284887391,"Batch6","12","0.005"
"560",13.5975198792778,"Batch6","12","0.005"
"561",19.6041786805607,"Batch7","12","0.005"
"562",26.4502104390841,"Batch7","12","0.005"
"563",25.0351693009929,"Batch7","12","0.005"
"564",12.1838023841356,"Batch7","12","0.005"
"565",-3.28524363649781,"Batch7","12","0.005"
"566",16.050512048567,"Batch7","12","0.005"
"567",25.5989186497588,"Batch7","12","0.005"
"568",7.70849655900519,"Batch7","12","0.005"
"569",21.2144236380887,"Batch7","12","0.005"
"570",9.9685256683079,"Batch7","12","0.005"
"571",41.6915516774442,"Batch8","12","0.005"
"572",35.931026004097,"Batch8","12","0.005"
"573",15.3848281392055,"Batch8","12","0.005"
"574",-30.6455099058605,"Batch8","12","0.005"
"575",7.63492246143132,"Batch8","12","0.005"
"576",34.6802919887482,"Batch8","12","0.005"
"577",22.4883616830701,"Batch8","12","0.005"
"578",34.0795452108023,"Batch8","12","0.005"
"579",19.4654740003928,"Batch8","12","0.005"
"580",28.7502591116377,"Batch8","12","0.005"
"581",49.6541464372713,"Batch9","12","0.005"
"582",10.1366432720672,"Batch9","12","0.005"
"583",35.3843205875705,"Batch9","12","0.005"
"584",17.9434948316217,"Batch9","12","0.005"
"585",45.8101397346278,"Batch9","12","0.005"
"586",36.2375904081595,"Batch9","12","0.005"
"587",23.7828076063062,"Batch9","12","0.005"
"588",60.1260518752396,"Batch9","12","0.005"
"589",17.3954182820021,"Batch9","12","0.005"
"590",-0.775067412010774,"Batch9","12","0.005"
"591",25.532590664201,"Batch10","12","0.005"
"592",2.86288874365572,"Batch10","12","0.005"
"593",-6.40205567039034,"Batch10","12","0.005"
"594",2.61318807386212,"Batch10","12","0.005"
"595",30.2952260220287,"Batch10","12","0.005"
"596",24.2890737630302,"Batch10","12","0.005"
"597",38.2025310378367,"Batch10","12","0.005"
"598",-6.63994911356281,"Batch10","12","0.005"
"599",9.05817951200882,"Batch10","12","0.005"
"600",18.2204981203009,"Batch10","12","0.005"
"601",2.35415339121308,"Batch1","12","0.005"
"602",16.2891828440247,"Batch1","12","0.005"
"603",6.5703323569416,"Batch1","12","0.005"
"604",4.70306660136661,"Batch1","12","0.005"
"605",30.210333233834,"Batch1","12","0.005"
"606",3.40565133940595,"Batch1","12","0.005"
"607",7.93000552264361,"Batch1","12","0.005"
"608",23.6332884341392,"Batch1","12","0.005"
"609",8.63760487291858,"Batch1","12","0.005"
"610",30.2884298598065,"Batch1","12","0.005"
"611",27.0695135950469,"Batch2","12","0.005"
"612",5.44479909940118,"Batch2","12","0.005"
"613",-14.231234137255,"Batch2","12","0.005"
"614",15.4145354280923,"Batch2","12","0.005"
"615",42.1583305161441,"Batch2","12","0.005"
"616",23.0097713586349,"Batch2","12","0.005"
"617",22.3984990371265,"Batch2","12","0.005"
"618",22.4216893724814,"Batch2","12","0.005"
"619",62.0386540783596,"Batch2","12","0.005"
"620",14.0705865689495,"Batch2","12","0.005"
"621",49.8364285872767,"Batch3","12","0.005"
"622",2.28771748131352,"Batch3","12","0.005"
"623",26.885918358283,"Batch3","12","0.005"
"624",35.7112819240901,"Batch3","12","0.005"
"625",25.1304522448318,"Batch3","12","0.005"
"626",-3.45950339476268,"Batch3","12","0.005"
"627",52.7240577295057,"Batch3","12","0.005"
"628",11.8215859285213,"Batch3","12","0.005"
"629",29.1095906387586,"Batch3","12","0.005"
"630",6.05750414406672,"Batch3","12","0.005"
"631",6.67523395624786,"Batch4","12","0.005"
"632",28.9681219217073,"Batch4","12","0.005"
"633",22.4429312457775,"Batch4","12","0.005"
"634",14.6556568547678,"Batch4","12","0.005"
"635",7.9062860543233,"Batch4","12","0.005"
"636",10.6949736822076,"Batch4","12","0.005"
"637",-32.0515371996357,"Batch4","12","0.005"
"638",23.6700834676875,"Batch4","12","0.005"
"639",17.4564116876517,"Batch4","12","0.005"
"640",32.9909010891693,"Batch4","12","0.005"
"641",19.9898654730251,"Batch5","12","0.005"
"642",20.9587229098657,"Batch5","12","0.005"
"643",-1.11170396632424,"Batch5","12","0.005"
"644",18.4696823010458,"Batch5","12","0.005"
"645",13.5704555683224,"Batch5","12","0.005"
"646",20.8126308178669,"Batch5","12","0.005"
"647",13.8044533987425,"Batch5","12","0.005"
"648",5.55804389380349,"Batch5","12","0.005"
"649",2.72972896036487,"Batch5","12","0.005"
"650",-5.99059872403866,"Batch5","12","0.005"
"651",13.2197076850839,"Batch6","12","0.005"
"652",14.4885807413583,"Batch6","12","0.005"
"653",-23.396830193967,"Batch6","12","0.005"
"654",20.3968634744829,"Batch6","12","0.005"
"655",-29.3027193432811,"Batch6","12","0.005"
"656",17.8623915429743,"Batch6","12","0.005"
"657",26.7115979448815,"Batch6","12","0.005"
"658",-1.44119866897554,"Batch6","12","0.005"
"659",2.18797072287964,"Batch6","12","0.005"
"660",-0.181353791302818,"Batch6","12","0.005"
"661",12.9514298773391,"Batch7","12","0.005"
"662",-3.28825389433489,"Batch7","12","0.005"
"663",30.5308118258567,"Batch7","12","0.005"
"664",14.3366718314841,"Batch7","12","0.005"
"665",16.4403443203637,"Batch7","12","0.005"
"666",35.5709107907583,"Batch7","12","0.005"
"667",34.1836309686488,"Batch7","12","0.005"
"668",-1.92814503314097,"Batch7","12","0.005"
"669",14.2815050104709,"Batch7","12","0.005"
"670",36.8344477191252,"Batch7","12","0.005"
"671",10.4339392131696,"Batch8","12","0.005"
"672",15.9695161726776,"Batch8","12","0.005"
"673",15.6738031744553,"Batch8","12","0.005"
"674",15.0064121462883,"Batch8","12","0.005"
"675",34.3336864029294,"Batch8","12","0.005"
"676",8.86823403224013,"Batch8","12","0.005"
"677",52.4442093665959,"Batch8","12","0.005"
"678",7.26406002112383,"Batch8","12","0.005"
"679",24.383019494004,"Batch8","12","0.005"
"680",29.5235929487054,"Batch8","12","0.005"
"681",-19.5734599986495,"Batch9","12","0.005"
"682",35.1350835495329,"Batch9","12","0.005"
"683",34.843506294458,"Batch9","12","0.005"
"684",-11.0232431754714,"Batch9","12","0.005"
"685",-8.38412797627985,"Batch9","12","0.005"
"686",41.0405216357881,"Batch9","12","0.005"
"687",-7.11875750171347,"Batch9","12","0.005"
"688",10.6765438117789,"Batch9","12","0.005"
"689",53.0589116021607,"Batch9","12","0.005"
"690",26.1197669937603,"Batch9","12","0.005"
"691",-0.662225723256221,"Batch10","12","0.005"
"692",13.9640495448241,"Batch10","12","0.005"
"693",28.6765791957985,"Batch10","12","0.005"
"694",-1.74970862913746,"Batch10","12","0.005"
"695",21.7261632129775,"Batch10","12","0.005"
"696",18.2629913274532,"Batch10","12","0.005"
"697",27.2241210251677,"Batch10","12","0.005"
"698",47.3807069925876,"Batch10","12","0.005"
"699",15.6323500158313,"Batch10","12","0.005"
"700",30.7680904361093,"Batch10","12","0.005"
"701",5.67356700118087,"Batch1","12","0.005"
"702",6.26692105128602,"Batch1","12","0.005"
"703",20.6200780633456,"Batch1","12","0.005"
"704",26.5432136401471,"Batch1","12","0.005"
"705",17.7503033910093,"Batch1","12","0.005"
"706",14.7439512951113,"Batch1","12","0.005"
"707",49.0853705502311,"Batch1","12","0.005"
"708",9.2264975286885,"Batch1","12","0.005"
"709",30.2604120711436,"Batch1","12","0.005"
"710",36.1710718387525,"Batch1","12","0.005"
"711",13.4971626478213,"Batch2","12","0.005"
"712",16.8607703129376,"Batch2","12","0.005"
"713",40.8951155409714,"Batch2","12","0.005"
"714",5.91797081453575,"Batch2","12","0.005"
"715",12.7559399782275,"Batch2","12","0.005"
"716",-27.9803138102103,"Batch2","12","0.005"
"717",28.8088778160803,"Batch2","12","0.005"
"718",4.71701140467301,"Batch2","12","0.005"
"719",-29.6441872611742,"Batch2","12","0.005"
"720",-1.99361862139971,"Batch2","12","0.005"
"721",-8.70105389608431,"Batch3","12","0.005"
"722",1.94536522766973,"Batch3","12","0.005"
"723",20.6351699522802,"Batch3","12","0.005"
"724",2.62280093620656,"Batch3","12","0.005"
"725",-10.8427034245825,"Batch3","12","0.005"
"726",2.24457013168219,"Batch3","12","0.005"
"727",17.0264200343591,"Batch3","12","0.005"
"728",27.9728996611134,"Batch3","12","0.005"
"729",-5.37704624542985,"Batch3","12","0.005"
"730",-7.83228623873839,"Batch3","12","0.005"
"731",52.0651878100447,"Batch4","12","0.005"
"732",29.4141032838055,"Batch4","12","0.005"
"733",-8.27211884356653,"Batch4","12","0.005"
"734",7.33591553586377,"Batch4","12","0.005"
"735",-3.60527488897261,"Batch4","12","0.005"
"736",8.97239968454808,"Batch4","12","0.005"
"737",62.7704469437792,"Batch4","12","0.005"
"738",30.4548321422015,"Batch4","12","0.005"
"739",30.2273636400144,"Batch4","12","0.005"
"740",20.0247267204773,"Batch4","12","0.005"
"741",47.8427411166549,"Batch5","12","0.005"
"742",52.0958642375877,"Batch5","12","0.005"
"743",-5.81199818077351,"Batch5","12","0.005"
"744",6.30083277399247,"Batch5","12","0.005"
"745",21.7724049672984,"Batch5","12","0.005"
"746",17.042188730046,"Batch5","12","0.005"
"747",15.3800744352042,"Batch5","12","0.005"
"748",-22.1974281050675,"Batch5","12","0.005"
"749",39.4643350564694,"Batch5","12","0.005"
"750",10.9639780907125,"Batch5","12","0.005"
"751",12.1408235720375,"Batch6","12","0.005"
"752",36.2210564377872,"Batch6","12","0.005"
"753",8.00027369737536,"Batch6","12","0.005"
"754",46.6593797520251,"Batch6","12","0.005"
"755",-2.83637276299409,"Batch6","12","0.005"
"756",9.36608837980618,"Batch6","12","0.005"
"757",23.2110356967554,"Batch6","12","0.005"
"758",31.0280245563538,"Batch6","12","0.005"
"759",16.462568676177,"Batch6","12","0.005"
"760",-1.67934877453102,"Batch6","12","0.005"
"761",33.1796637076579,"Batch7","12","0.005"
"762",3.9231704842943,"Batch7","12","0.005"
"763",20.6498470648513,"Batch7","12","0.005"
"764",7.51237479540369,"Batch7","12","0.005"
"765",17.1821352319096,"Batch7","12","0.005"
"766",23.5929867104872,"Batch7","12","0.005"
"767",-0.262902933871569,"Batch7","12","0.005"
"768",23.2190211022093,"Batch7","12","0.005"
"769",-12.7875904377121,"Batch7","12","0.005"
"770",-18.2683639389192,"Batch7","12","0.005"
"771",38.9759048909637,"Batch8","12","0.005"
"772",38.4282155982899,"Batch8","12","0.005"
"773",15.0305334040462,"Batch8","12","0.005"
"774",-10.8108410944755,"Batch8","12","0.005"
"775",15.5972299938404,"Batch8","12","0.005"
"776",34.2244365532184,"Batch8","12","0.005"
"777",25.2989239517158,"Batch8","12","0.005"
"778",30.3645214645901,"Batch8","12","0.005"
"779",30.1358730187331,"Batch8","12","0.005"
"780",28.2748118233034,"Batch8","12","0.005"
"781",5.33283420011635,"Batch9","12","0.005"
"782",11.4948329964645,"Batch9","12","0.005"
"783",55.3937111559552,"Batch9","12","0.005"
"784",-16.8779565243087,"Batch9","12","0.005"
"785",36.7114829756701,"Batch9","12","0.005"
"786",30.7455036231269,"Batch9","12","0.005"
"787",7.2605950467226,"Batch9","12","0.005"
"788",35.0980850103728,"Batch9","12","0.005"
"789",2.73328142754732,"Batch9","12","0.005"
"790",-16.3271831540279,"Batch9","12","0.005"
"791",53.4987856247068,"Batch10","12","0.005"
"792",18.5586382501847,"Batch10","12","0.005"
"793",11.3415700199592,"Batch10","12","0.005"
"794",19.1121237789699,"Batch10","12","0.005"
"795",-23.0461604672422,"Batch10","12","0.005"
"796",37.7108848312468,"Batch10","12","0.005"
"797",23.3829572726353,"Batch10","12","0.005"
"798",44.8313807122876,"Batch10","12","0.005"
"799",43.9316044136751,"Batch10","12","0.005"
"800",58.9427873523671,"Batch10","12","0.005"
"801",-10.0080599531765,"Batch1","12","0.005"
"802",-2.89746080601403,"Batch1","12","0.005"
"803",-9.07917372657728,"Batch1","12","0.005"
"804",55.5467290466428,"Batch1","12","0.005"
"805",42.8550622380074,"Batch1","12","0.005"
"806",17.1572898882,"Batch1","12","0.005"
"807",-15.3512832171345,"Batch1","12","0.005"
"808",11.5770129768678,"Batch1","12","0.005"
"809",1.3720851373378,"Batch1","12","0.005"
"810",10.2648381232987,"Batch1","12","0.005"
"811",41.9556940408029,"Batch2","12","0.005"
"812",29.6242207107103,"Batch2","12","0.005"
"813",12.1470233568392,"Batch2","12","0.005"
"814",-12.1881361916672,"Batch2","12","0.005"
"815",26.800556952249,"Batch2","12","0.005"
"816",-11.9939575746095,"Batch2","12","0.005"
"817",-30.1882460465681,"Batch2","12","0.005"
"818",-1.53761754312694,"Batch2","12","0.005"
"819",10.2385773090994,"Batch2","12","0.005"
"820",-19.9338414472574,"Batch2","12","0.005"
"821",50.7468705607447,"Batch3","12","0.005"
"822",1.24212078308732,"Batch3","12","0.005"
"823",25.5503279722406,"Batch3","12","0.005"
"824",2.87372494330309,"Batch3","12","0.005"
"825",60.3133605761359,"Batch3","12","0.005"
"826",27.5895274566013,"Batch3","12","0.005"
"827",13.6638149765421,"Batch3","12","0.005"
"828",15.5002820049511,"Batch3","12","0.005"
"829",38.606435015965,"Batch3","12","0.005"
"830",36.8151945511108,"Batch3","12","0.005"
"831",19.3140565505402,"Batch4","12","0.005"
"832",11.8507090160813,"Batch4","12","0.005"
"833",22.8235425736709,"Batch4","12","0.005"
"834",8.7587375813373,"Batch4","12","0.005"
"835",32.6672360776693,"Batch4","12","0.005"
"836",33.1628698774575,"Batch4","12","0.005"
"837",12.9397657139938,"Batch4","12","0.005"
"838",4.80102740212443,"Batch4","12","0.005"
"839",2.50594366612333,"Batch4","12","0.005"
"840",-2.94391983304924,"Batch4","12","0.005"
"841",21.7643641987503,"Batch5","12","0.005"
"842",5.86319179487886,"Batch5","12","0.005"
"843",27.58423777393,"Batch5","12","0.005"
"844",36.3477244517703,"Batch5","12","0.005"
"845",33.6414767088534,"Batch5","12","0.005"
"846",21.0135267760604,"Batch5","12","0.005"
"847",-0.734317856928939,"Batch5","12","0.005"
"848",23.5421923172562,"Batch5","12","0.005"
"849",-8.37286378036707,"Batch5","12","0.005"
"850",39.8189726490738,"Batch5","12","0.005"
"851",40.9912300619067,"Batch6","12","0.005"
"852",-30.4306285841941,"Batch6","12","0.005"
"853",22.6589949981032,"Batch6","12","0.005"
"854",23.8650366406021,"Batch6","12","0.005"
"855",47.0512607990424,"Batch6","12","0.005"
"856",16.8150551742369,"Batch6","12","0.005"
"857",10.2022318301478,"Batch6","12","0.005"
"858",23.9869155533759,"Batch6","12","0.005"
"859",1.18719025455872,"Batch6","12","0.005"
"860",39.9067212546644,"Batch6","12","0.005"
"861",45.5688620334502,"Batch7","12","0.005"
"862",18.8888425182361,"Batch7","12","0.005"
"863",7.49344955751864,"Batch7","12","0.005"
"864",45.2657185742331,"Batch7","12","0.005"
"865",32.2058917635938,"Batch7","12","0.005"
"866",18.3788857237712,"Batch7","12","0.005"
"867",28.6063849351373,"Batch7","12","0.005"
"868",33.3867827238022,"Batch7","12","0.005"
"869",33.179912446617,"Batch7","12","0.005"
"870",15.1399010033928,"Batch7","12","0.005"
"871",15.4645098976573,"Batch8","12","0.005"
"872",14.6939414526374,"Batch8","12","0.005"
"873",-22.6930792131339,"Batch8","12","0.005"
"874",46.4799322615946,"Batch8","12","0.005"
"875",20.4948306004374,"Batch8","12","0.005"
"876",21.7814059536871,"Batch8","12","0.005"
"877",22.1777602737137,"Batch8","12","0.005"
"878",33.1673116755043,"Batch8","12","0.005"
"879",43.6499328999247,"Batch8","12","0.005"
"880",-11.0380841824039,"Batch8","12","0.005"
"881",26.9825485441631,"Batch9","12","0.005"
"882",-2.19872820618393,"Batch9","12","0.005"
"883",-6.5118473775112,"Batch9","12","0.005"
"884",18.1444446290291,"Batch9","12","0.005"
"885",14.9118455792008,"Batch9","12","0.005"
"886",45.262663676513,"Batch9","12","0.005"
"887",-10.8670354595882,"Batch9","12","0.005"
"888",81.1153447486914,"Batch9","12","0.005"
"889",17.6310496979905,"Batch9","12","0.005"
"890",20.6163872740728,"Batch9","12","0.005"
"891",30.1149847290109,"Batch10","12","0.005"
"892",37.6562717975747,"Batch10","12","0.005"
"893",33.0069703922365,"Batch10","12","0.005"
"894",-5.11462573460371,"Batch10","12","0.005"
"895",5.72051069625744,"Batch10","12","0.005"
"896",13.0077354505762,"Batch10","12","0.005"
"897",49.8667612345121,"Batch10","12","0.005"
"898",62.6478808536783,"Batch10","12","0.005"
"899",-5.67210577030434,"Batch10","12","0.005"
"900",30.8634961043854,"Batch10","12","0.005"
"901",-12.7425836949656,"Batch1","12","0.005"
"902",5.13698702424209,"Batch1","12","0.005"
"903",11.0365270856759,"Batch1","12","0.005"
"904",7.25982497805877,"Batch1","12","0.005"
"905",-16.5249771926247,"Batch1","12","0.005"
"906",-23.8228574208827,"Batch1","12","0.005"
"907",-18.5928611246656,"Batch1","12","0.005"
"908",23.7543277563268,"Batch1","12","0.005"
"909",10.7806889304184,"Batch1","12","0.005"
"910",23.2953045275325,"Batch1","12","0.005"
"911",22.3991183253146,"Batch2","12","0.005"
"912",24.9934868499197,"Batch2","12","0.005"
"913",-6.35417025151797,"Batch2","12","0.005"
"914",47.6478208078419,"Batch2","12","0.005"
"915",45.0862163515415,"Batch2","12","0.005"
"916",26.9030969686188,"Batch2","12","0.005"
"917",15.7984386308677,"Batch2","12","0.005"
"918",-42.1368396696225,"Batch2","12","0.005"
"919",20.0822006409108,"Batch2","12","0.005"
"920",-29.4895827713514,"Batch2","12","0.005"
"921",5.2989402379369,"Batch3","12","0.005"
"922",16.7039066834188,"Batch3","12","0.005"
"923",5.9351092571979,"Batch3","12","0.005"
"924",12.3325426700816,"Batch3","12","0.005"
"925",23.1929409059176,"Batch3","12","0.005"
"926",21.3559813810454,"Batch3","12","0.005"
"927",9.33631054277608,"Batch3","12","0.005"
"928",29.9558762629675,"Batch3","12","0.005"
"929",46.1927733954394,"Batch3","12","0.005"
"930",14.1491236987584,"Batch3","12","0.005"
"931",11.5373242776087,"Batch4","12","0.005"
"932",3.80042408436026,"Batch4","12","0.005"
"933",47.0409054487997,"Batch4","12","0.005"
"934",35.1688835514222,"Batch4","12","0.005"
"935",-36.8520096016185,"Batch4","12","0.005"
"936",27.3449041066256,"Batch4","12","0.005"
"937",38.2964035032266,"Batch4","12","0.005"
"938",47.0512451950458,"Batch4","12","0.005"
"939",-5.77816691643898,"Batch4","12","0.005"
"940",79.0456740920004,"Batch4","12","0.005"
"941",19.6160436603038,"Batch5","12","0.005"
"942",-0.871491853396989,"Batch5","12","0.005"
"943",-11.4994202908344,"Batch5","12","0.005"
"944",21.0311323993517,"Batch5","12","0.005"
"945",3.23464356311462,"Batch5","12","0.005"
"946",13.3592337279931,"Batch5","12","0.005"
"947",18.2705514945759,"Batch5","12","0.005"
"948",-7.8147892776091,"Batch5","12","0.005"
"949",17.4812699768069,"Batch5","12","0.005"
"950",40.5476351742059,"Batch5","12","0.005"
"951",32.6597736876976,"Batch6","12","0.005"
"952",21.6498333946747,"Batch6","12","0.005"
"953",34.3304841107865,"Batch6","12","0.005"
"954",18.1558360030954,"Batch6","12","0.005"
"955",12.8400124763502,"Batch6","12","0.005"
"956",-0.866449089656552,"Batch6","12","0.005"
"957",31.2315702034098,"Batch6","12","0.005"
"958",19.3116472007785,"Batch6","12","0.005"
"959",34.7754486339566,"Batch6","12","0.005"
"960",54.1731544516997,"Batch6","12","0.005"
"961",-11.297035453903,"Batch7","12","0.005"
"962",46.8457097229859,"Batch7","12","0.005"
"963",-9.46588055129936,"Batch7","12","0.005"
"964",6.09886326953055,"Batch7","12","0.005"
"965",9.25096276798993,"Batch7","12","0.005"
"966",23.9469766826767,"Batch7","12","0.005"
"967",32.8557586789753,"Batch7","12","0.005"
"968",3.41405453451712,"Batch7","12","0.005"
"969",50.3203825791896,"Batch7","12","0.005"
"970",17.9770314607737,"Batch7","12","0.005"
"971",-10.4786648734999,"Batch8","12","0.005"
"972",11.3848128395598,"Batch8","12","0.005"
"973",8.53218729434471,"Batch8","12","0.005"
"974",28.5235357222462,"Batch8","12","0.005"
"975",5.95111448644366,"Batch8","12","0.005"
"976",13.5823860470355,"Batch8","12","0.005"
"977",7.61222902434676,"Batch8","12","0.005"
"978",8.39643736787878,"Batch8","12","0.005"
"979",11.2193815342033,"Batch8","12","0.005"
"980",43.2292946243099,"Batch8","12","0.005"
"981",31.3401756744731,"Batch9","12","0.005"
"982",39.8028036480588,"Batch9","12","0.005"
"983",41.2307793907068,"Batch9","12","0.005"
"984",36.6055687786679,"Batch9","12","0.005"
"985",16.46089558882,"Batch9","12","0.005"
"986",25.5296230042008,"Batch9","12","0.005"
"987",14.0838153717566,"Batch9","12","0.005"
"988",1.82938486645646,"Batch9","12","0.005"
"989",-1.14662006140119,"Batch9","12","0.005"
"990",-3.68858720291284,"Batch9","12","0.005"
"991",-1.72544881117553,"Batch10","12","0.005"
"992",25.53335759248,"Batch10","12","0.005"
"993",8.39008818386629,"Batch10","12","0.005"
"994",16.8054207879172,"Batch10","12","0.005"
"995",7.43636234704391,"Batch10","12","0.005"
"996",-17.6764302779765,"Batch10","12","0.005"
"997",13.0465630988348,"Batch10","12","0.005"
"998",1.52218729117534,"Batch10","12","0.005"
"999",10.7978028641613,"Batch10","12","0.005"
"1000",40.178410770447,"Batch10","12","0.005"
